selector,coverage,outcomes,assets,error_pp,baseline_error_pp,excess_error_pp,direction_hit_pct,always_up_hit_pct,error_ci95,excess_ci95
disagreement_pp,0.25,232,126,10.30551905901654,9.891506956630284,0.41401210238625596,49.56896551724138,52.1551724137931,"[8.574219420178714, 12.525737493848645]","[-0.22952925526919135, 1.0688139159020704]"
disagreement_pp,0.5,464,179,11.721500165336922,11.490908675061558,0.23059149027536247,48.491379310344826,54.0948275862069,"[10.169325080199439, 13.520588689535563]","[-0.21188756407914983, 0.66968314501659]"
disagreement_pp,0.75,696,215,13.180892718245182,12.93113175413687,0.24976096410831222,47.41379310344828,53.304597701149426,"[11.789754337703275, 14.795825371962428]","[-0.16633476951668527, 0.657797840560034]"
disagreement_pp,1.0,928,232,15.147957963743384,14.986022065840958,0.16193589790242757,48.383620689655174,50.754310344827594,"[13.577541052161832, 16.89442798154543]","[-0.22744810391198653, 0.5551108168685084]"
risk_pp_60,0.25,232,84,7.969823441275756,8.000305634273584,-0.03048219299782778,49.137931034482754,53.44827586206896,"[6.953950501826409, 9.113132763902302]","[-0.4328448258290498, 0.36514484605251013]"
risk_pp_60,0.5,464,137,8.983001517244624,8.967472044768199,0.015529472476422734,47.19827586206897,52.370689655172406,"[8.25948987474572, 9.776729604351905]","[-0.3155788868236736, 0.34346616260696455]"
risk_pp_60,0.75,696,195,11.447872562077327,11.347554027000177,0.10031853507715062,46.55172413793103,52.72988505747126,"[10.435600248189916, 12.5475395651326]","[-0.22345191355477864, 0.4265289828798265]"
risk_pp_60,1.0,928,232,15.147957963743384,14.986022065840958,0.16193589790242766,48.383620689655174,50.754310344827594,"[13.577541052161832, 16.89442798154543]","[-0.22744810391198653, 0.5551108168685084]"
normalized_disagreement,0.25,232,134,18.454982411277594,18.025880245893184,0.42910216538440715,53.879310344827594,51.724137931034484,"[15.415756080457736, 21.697973608174312]","[-0.6589144222884551, 1.4958382929144547]"
normalized_disagreement,0.5,464,204,16.986715871304376,16.787976029435118,0.19873984186925742,50.0,52.370689655172406,"[14.820998325094944, 19.296182919346755]","[-0.4510239980336455, 0.8486005404764092]"
normalized_disagreement,0.75,696,221,16.03890714833022,15.754231092896044,0.2846760554341838,48.275862068965516,52.1551724137931,"[14.295663641358427, 17.949338033386876]","[-0.22449556053965405, 0.7894084922681673]"
normalized_disagreement,1.0,928,232,15.147957963743384,14.986022065840958,0.16193589790242766,48.383620689655174,50.754310344827594,"[13.577541052161832, 16.89442798154543]","[-0.22744810391198653, 0.5551108168685084]"
